"term","PC1"
"macrophyte_pct",-0.21308871859162
"spcond",-0.839502491809228
"ph",-0.40584261329034
"landcover_nat_pct",0.845983701447763
"landcover_dev_pct",-0.521007546865564
"landcover_ag_pct",-0.489243049932327
"habitat_total_score",0.684572515295633
